<?xml version="1.0" encoding="UTF-8"?>
<project-private xmlns="http://www.netbeans.org/ns/project-private/1">
    <editor-bookmarks xmlns="http://www.netbeans.org/ns/editor-bookmarks/2" lastBookmarkId="0"/>
    <open-files xmlns="http://www.netbeans.org/ns/projectui-open-files/2">
        <group>
            <file>file:/C:/Users/SA5-271-38TKK/Desktop/ProjetJava1/ProjetJava/src/modele/resultat2.java</file>
            <file>file:/C:/Users/SA5-271-38TKK/Desktop/ProjetJava1/ProjetJava/src/vue/reporting.java</file>
            <file>file:/C:/Users/SA5-271-38TKK/Desktop/ProjetJava1/ProjetJava/src/modele/resultat3.java</file>
            <file>file:/C:/Users/SA5-271-38TKK/Desktop/ProjetJava1/ProjetJava/src/modele/Statistiques.java</file>
            <file>file:/C:/Users/SA5-271-38TKK/Desktop/ProjetJava1/ProjetJava/src/modele/TabMoyenne.java</file>
            <file>file:/C:/Users/SA5-271-38TKK/Desktop/ProjetJava1/ProjetJava/src/vue/infoseleve.java</file>
            <file>file:/C:/Users/SA5-271-38TKK/Desktop/ProjetJava1/ProjetJava/src/vue/insererprof.java</file>
            <file>file:/C:/Users/SA5-271-38TKK/Desktop/ProjetJava1/ProjetJava/src/vue/inserereleve.java</file>
        </group>
    </open-files>
</project-private>
